{
  "status": 0,
  "result": [
    {
      "createdById": "0058c000007ni4mAAA",
      "createdByName": "Ankit Darji",
      "createdDate": "2022-01-28T16:36:31.000Z",
      "fileName": "classes/AccountController.cls",
      "fullName": "AccountController",
      "id": "01p8c000008WzI3AAK",
      "lastModifiedById": "0058c000007ni4mAAA",
      "lastModifiedByName": "Ankit Darji",
      "lastModifiedDate": "2022-05-05T16:53:03.000Z",
      "manageableState": "unmanaged",
      "type": "ApexClass"
    },
    {
      "createdById": "0058c000007ni4mAAA",
      "createdByName": "Ankit Darji",
      "createdDate": "2022-02-28T21:16:18.000Z",
      "fileName": "classes/LeadsController.cls",
      "fullName": "LeadsController",
      "id": "01p8c00000GXMZoAAP",
      "lastModifiedById": "0058c000007ni4mAAA",
      "lastModifiedByName": "Ankit Darji",
      "lastModifiedDate": "2022-02-28T21:16:18.000Z",
      "manageableState": "unmanaged",
      "type": "ApexClass"
    }
  ]
}