{
  "status": 0,
  "result": [
    {
      "createdById": "0058c000007ni4mAAA",
      "createdByName": "Ankit Darji",
      "createdDate": "2022-01-28T16:37:57.000Z",
      "fileName": "lwc/displayAccounts",
      "fullName": "displayAccounts",
      "id": "0Rb8c000000hh3tCAA",
      "lastModifiedById": "0058c000007ni4mAAA",
      "lastModifiedByName": "Ankit Darji",
      "lastModifiedDate": "2022-01-28T16:53:10.000Z",
      "manageableState": "unmanaged",
      "type": "LightningComponentBundle"
    },
    {
      "createdById": "0058c000007ni4mAAA",
      "createdByName": "Ankit Darji",
      "createdDate": "2022-01-25T18:33:19.000Z",
      "fileName": "lwc/unitTest",
      "fullName": "unitTest",
      "id": "0Rb8c000000hG8LCAU",
      "lastModifiedById": "0058c000007ni4mAAA",
      "lastModifiedByName": "Ankit Darji",
      "lastModifiedDate": "2022-03-01T18:43:35.000Z",
      "manageableState": "unmanaged",
      "type": "LightningComponentBundle"
    },
    {
      "createdById": "0058c000007ni4mAAA",
      "createdByName": "Ankit Darji",
      "createdDate": "2022-02-28T15:28:41.000Z",
      "fileName": "lwc/accountCreator",
      "fullName": "accountCreator",
      "id": "0Rb8c0000012aaVCAQ",
      "lastModifiedById": "0058c000007ni4mAAA",
      "lastModifiedByName": "Ankit Darji",
      "lastModifiedDate": "2022-02-28T15:29:02.000Z",
      "manageableState": "unmanaged",
      "type": "LightningComponentBundle"
    },
    {
      "createdById": "0058c000007ni4mAAA",
      "createdByName": "Ankit Darji",
      "createdDate": "2022-02-28T21:16:27.000Z",
      "fileName": "lwc/leadsFilter",
      "fullName": "leadsFilter",
      "id": "0Rb8c0000012eVHCAY",
      "lastModifiedById": "0058c000007ni4mAAA",
      "lastModifiedByName": "Ankit Darji",
      "lastModifiedDate": "2022-02-28T21:16:27.000Z",
      "manageableState": "unmanaged",
      "type": "LightningComponentBundle"
    }
  ]
}