[{"_allAttributes":{"publicAttributes":[],"privateAttributes":[{"name":"columns","memberType":0,"decorator":1,"location":{"uri":"file:///Users/ankitdarji/Desktop/DisplayAccount/force-app/main/default/lwc/displayAccounts/displayAccounts.js","range":{"start":{"line":5,"character":4},"end":{"line":17,"character":6}}},"detail":"LWC custom attribute"},{"name":"account-list","memberType":0,"decorator":1,"location":{"uri":"file:///Users/ankitdarji/Desktop/DisplayAccount/force-app/main/default/lwc/displayAccounts/displayAccounts.js","range":{"start":{"line":18,"character":3},"end":{"line":18,"character":27}}},"detail":"LWC custom attribute"}]},"_properties":null,"_methods":[{"type":"method","name":"connectedCallback","loc":{"start":{"line":20,"column":4},"end":{"line":22,"column":5}}},{"type":"method","name":"handleClick","loc":{"start":{"line":23,"column":8},"end":{"line":38,"column":5}}},{"type":"method","name":"doSorting","loc":{"start":{"line":40,"column":4},"end":{"line":44,"column":7}}},{"type":"method","name":"sortData","loc":{"start":{"line":46,"column":6},"end":{"line":62,"column":7}}}],"file":"/Users/ankitdarji/Desktop/DisplayAccount/force-app/main/default/lwc/displayAccounts/displayAccounts.js","metadata":{"decorators":[{"type":"track","targets":[{"name":"columns","type":"property"},{"name":"accountList","type":"property"}]}],"declarationLoc":{"start":{"line":4,"column":0},"end":{"line":63,"column":9}},"classMembers":[{"type":"property","name":"columns","loc":{"start":{"line":6,"column":4},"end":{"line":18,"column":6}},"decorator":"track"},{"type":"property","name":"accountList","loc":{"start":{"line":19,"column":3},"end":{"line":19,"column":27}},"decorator":"track"},{"type":"method","name":"connectedCallback","loc":{"start":{"line":20,"column":4},"end":{"line":22,"column":5}}},{"type":"method","name":"handleClick","loc":{"start":{"line":23,"column":8},"end":{"line":38,"column":5}}},{"type":"method","name":"doSorting","loc":{"start":{"line":40,"column":4},"end":{"line":44,"column":7}}},{"type":"method","name":"sortData","loc":{"start":{"line":46,"column":6},"end":{"line":62,"column":7}}}],"exports":[{"type":"ExportDefaultDeclaration"}]},"updatedAt":"2022-05-05T18:05:14.085Z"},{"_allAttributes":{"publicAttributes":[],"privateAttributes":[]},"_properties":null,"_methods":[],"file":"/Users/ankitdarji/Desktop/DisplayAccount/force-app/main/default/lwc/accountCreator/accountCreator.js","metadata":{"decorators":[],"declarationLoc":{"start":{"line":3,"column":0},"end":{"line":3,"column":63}},"classMembers":[],"exports":[{"type":"ExportDefaultDeclaration"}]},"updatedAt":"2022-05-05T17:02:52.493Z"},{"_allAttributes":{"publicAttributes":[],"privateAttributes":[{"name":"columns","memberType":0,"location":{"uri":"file:///Users/ankitdarji/Desktop/DisplayAccount/force-app/main/default/lwc/leadsFilter/leadsFilter.js","range":{"start":{"line":15,"character":4},"end":{"line":15,"character":20}}},"detail":"LWC custom attribute"},{"name":"errors","memberType":0,"decorator":1,"location":{"uri":"file:///Users/ankitdarji/Desktop/DisplayAccount/force-app/main/default/lwc/leadsFilter/leadsFilter.js","range":{"start":{"line":17,"character":4},"end":{"line":17,"character":18}}},"detail":"LWC custom attribute"},{"name":"-leads","memberType":0,"decorator":1,"location":{"uri":"file:///Users/ankitdarji/Desktop/DisplayAccount/force-app/main/default/lwc/leadsFilter/leadsFilter.js","range":{"start":{"line":18,"character":4},"end":{"line":18,"character":17}}},"detail":"LWC custom attribute"},{"name":"showleads","memberType":0,"decorator":1,"location":{"uri":"file:///Users/ankitdarji/Desktop/DisplayAccount/force-app/main/default/lwc/leadsFilter/leadsFilter.js","range":{"start":{"line":19,"character":4},"end":{"line":19,"character":21}}},"detail":"LWC custom attribute"},{"name":"workingdata","memberType":0,"decorator":1,"location":{"uri":"file:///Users/ankitdarji/Desktop/DisplayAccount/force-app/main/default/lwc/leadsFilter/leadsFilter.js","range":{"start":{"line":20,"character":4},"end":{"line":20,"character":23}}},"detail":"LWC custom attribute"},{"name":"shownot-contacted-leads","memberType":0,"decorator":1,"location":{"uri":"file:///Users/ankitdarji/Desktop/DisplayAccount/force-app/main/default/lwc/leadsFilter/leadsFilter.js","range":{"start":{"line":21,"character":4},"end":{"line":21,"character":33}}},"detail":"LWC custom attribute"},{"name":"workingleads","memberType":0,"decorator":1,"location":{"uri":"file:///Users/ankitdarji/Desktop/DisplayAccount/force-app/main/default/lwc/leadsFilter/leadsFilter.js","range":{"start":{"line":22,"character":4},"end":{"line":22,"character":23}}},"detail":"LWC custom attribute"},{"name":"-working-contacted-leads","memberType":0,"decorator":1,"location":{"uri":"file:///Users/ankitdarji/Desktop/DisplayAccount/force-app/main/default/lwc/leadsFilter/leadsFilter.js","range":{"start":{"line":23,"character":4},"end":{"line":23,"character":33}}},"detail":"LWC custom attribute"},{"name":"convertedleads","memberType":0,"decorator":1,"location":{"uri":"file:///Users/ankitdarji/Desktop/DisplayAccount/force-app/main/default/lwc/leadsFilter/leadsFilter.js","range":{"start":{"line":24,"character":4},"end":{"line":24,"character":26}}},"detail":"LWC custom attribute"},{"name":"convert","memberType":0,"decorator":1,"location":{"uri":"file:///Users/ankitdarji/Desktop/DisplayAccount/force-app/main/default/lwc/leadsFilter/leadsFilter.js","range":{"start":{"line":25,"character":4},"end":{"line":25,"character":19}}},"detail":"LWC custom attribute"}]},"_properties":null,"_methods":[{"type":"method","name":"onShowClick","loc":{"start":{"line":28,"column":4},"end":{"line":38,"column":5}}},{"type":"method","name":"onDataClick","loc":{"start":{"line":40,"column":4},"end":{"line":51,"column":5}}},{"type":"method","name":"onworkClick","loc":{"start":{"line":52,"column":4},"end":{"line":61,"column":5}}},{"type":"method","name":"onConvertClick","loc":{"start":{"line":62,"column":4},"end":{"line":72,"column":5}}},{"type":"method","name":"oncloseClick","loc":{"start":{"line":73,"column":4},"end":{"line":83,"column":5}}}],"file":"/Users/ankitdarji/Desktop/DisplayAccount/force-app/main/default/lwc/leadsFilter/leadsFilter.js","metadata":{"decorators":[{"type":"track","targets":[{"name":"errors","type":"property"},{"name":"Leads","type":"property"},{"name":"showleads","type":"property"},{"name":"workingdata","type":"property"},{"name":"shownotContactedLeads","type":"property"},{"name":"workingleads","type":"property"},{"name":"WorkingContactedLeads","type":"property"},{"name":"convertedleads","type":"property"},{"name":"convert","type":"property"}]}],"declarationLoc":{"start":{"line":15,"column":0},"end":{"line":87,"column":1}},"classMembers":[{"type":"property","name":"columns","loc":{"start":{"line":16,"column":4},"end":{"line":16,"column":20}}},{"type":"property","name":"errors","loc":{"start":{"line":18,"column":4},"end":{"line":18,"column":18}},"decorator":"track"},{"type":"property","name":"Leads","loc":{"start":{"line":19,"column":4},"end":{"line":19,"column":17}},"decorator":"track"},{"type":"property","name":"showleads","loc":{"start":{"line":20,"column":4},"end":{"line":20,"column":21}},"decorator":"track"},{"type":"property","name":"workingdata","loc":{"start":{"line":21,"column":4},"end":{"line":21,"column":23}},"decorator":"track"},{"type":"property","name":"shownotContactedLeads","loc":{"start":{"line":22,"column":4},"end":{"line":22,"column":33}},"decorator":"track"},{"type":"property","name":"workingleads","loc":{"start":{"line":23,"column":4},"end":{"line":23,"column":23}},"decorator":"track"},{"type":"property","name":"WorkingContactedLeads","loc":{"start":{"line":24,"column":4},"end":{"line":24,"column":33}},"decorator":"track"},{"type":"property","name":"convertedleads","loc":{"start":{"line":25,"column":4},"end":{"line":25,"column":26}},"decorator":"track"},{"type":"property","name":"convert","loc":{"start":{"line":26,"column":4},"end":{"line":26,"column":19}},"decorator":"track"},{"type":"method","name":"onShowClick","loc":{"start":{"line":28,"column":4},"end":{"line":38,"column":5}}},{"type":"method","name":"onDataClick","loc":{"start":{"line":40,"column":4},"end":{"line":51,"column":5}}},{"type":"method","name":"onworkClick","loc":{"start":{"line":52,"column":4},"end":{"line":61,"column":5}}},{"type":"method","name":"onConvertClick","loc":{"start":{"line":62,"column":4},"end":{"line":72,"column":5}}},{"type":"method","name":"oncloseClick","loc":{"start":{"line":73,"column":4},"end":{"line":83,"column":5}}}],"exports":[{"type":"ExportDefaultDeclaration"}]},"updatedAt":"2022-05-05T17:02:52.487Z"}]